{
	"credit": "Made by Bret06 using Blockbench",
	"texture_size": [32, 32],
	"textures": {
		"0": "fancy_foliage:block/foliage/flowers/easter_egg/creeperz",
		"particle": "fancy_foliage:block/foliage/flowers/easter_egg/creeperz"
	},
	"elements": [
		{
			"from": [5, 6, 5],
			"to": [11, 12, 11],
			"rotation": {"angle": -22.5, "axis": "x", "origin": [8, 6, 8]},
			"faces": {
				"north": {"uv": [3, 3, 6, 6], "texture": "#0"},
				"east": {"uv": [0, 3, 3, 6], "texture": "#0"},
				"south": {"uv": [9, 3, 12, 6], "texture": "#0"},
				"west": {"uv": [6, 3, 9, 6], "texture": "#0"},
				"up": {"uv": [6, 3, 3, 0], "texture": "#0"},
				"down": {"uv": [9, 0, 6, 3], "texture": "#0"}
			}
		},
		{
			"from": [6, 0, 6.5],
			"to": [10, 6, 9.5],
			"rotation": {"angle": 0, "axis": "y", "origin": [0, -3, 0]},
			"faces": {
				"north": {"uv": [1.5, 7.5, 3.5, 10.5], "texture": "#0"},
				"east": {"uv": [0, 7.5, 1.5, 10.5], "texture": "#0"},
				"south": {"uv": [5, 7.5, 7, 10.5], "texture": "#0"},
				"west": {"uv": [3.5, 7.5, 5, 10.5], "texture": "#0"},
				"up": {"uv": [3.5, 7.5, 1.5, 6], "texture": "#0"},
				"down": {"uv": [5.5, 6, 3.5, 7.5], "texture": "#0"}
			}
		},
		{
			"from": [5.5, 0, 4],
			"to": [7.5, 2, 7],
			"rotation": {"angle": 22.5, "axis": "y", "origin": [7, 0, 7]},
			"faces": {
				"north": {"uv": [8.5, 10, 9.5, 11], "texture": "#0"},
				"east": {"uv": [7, 10, 8.5, 11], "texture": "#0"},
				"south": {"uv": [11, 10, 12, 11], "texture": "#0"},
				"west": {"uv": [9.5, 10, 11, 11], "texture": "#0"},
				"up": {"uv": [9.5, 10, 8.5, 8.5], "texture": "#0"},
				"down": {"uv": [10.5, 8.5, 9.5, 10], "texture": "#0"}
			}
		},
		{
			"from": [8.5, 0, 4],
			"to": [10.5, 2, 7],
			"rotation": {"angle": -22.5, "axis": "y", "origin": [9, 0, 7]},
			"faces": {
				"north": {"uv": [9.5, 10, 8.5, 11], "texture": "#0"},
				"east": {"uv": [11, 10, 9.5, 11], "texture": "#0"},
				"south": {"uv": [12, 10, 11, 11], "texture": "#0"},
				"west": {"uv": [8.5, 10, 7, 11], "texture": "#0"},
				"up": {"uv": [8.5, 10, 9.5, 8.5], "texture": "#0"},
				"down": {"uv": [9.5, 8.5, 10.5, 10], "texture": "#0"}
			}
		},
		{
			"from": [5.88268, 0, 8.92388],
			"to": [7.88268, 2, 11.92388],
			"rotation": {"angle": -22.5, "axis": "y", "origin": [7, 0, 8]},
			"faces": {
				"north": {"uv": [12, 10, 11, 11], "texture": "#0"},
				"east": {"uv": [8.5, 10, 7, 11], "texture": "#0"},
				"south": {"uv": [9.5, 10, 8.5, 11], "texture": "#0"},
				"west": {"uv": [11, 10, 9.5, 11], "texture": "#0"},
				"up": {"uv": [9.5, 8.5, 8.5, 10], "texture": "#0"},
				"down": {"uv": [10.5, 10, 9.5, 8.5], "texture": "#0"}
			}
		},
		{
			"from": [8.11732, 0, 8.92388],
			"to": [10.11732, 2, 11.92388],
			"rotation": {"angle": 22.5, "axis": "y", "origin": [9, 0, 8]},
			"faces": {
				"north": {"uv": [11, 10, 12, 11], "texture": "#0"},
				"east": {"uv": [9.5, 10, 11, 11], "texture": "#0"},
				"south": {"uv": [8.5, 10, 9.5, 11], "texture": "#0"},
				"west": {"uv": [7, 10, 8.5, 11], "texture": "#0"},
				"up": {"uv": [8.5, 8.5, 9.5, 10], "texture": "#0"},
				"down": {"uv": [9.5, 10, 10.5, 8.5], "texture": "#0"}
			}
		}
	],
	"display": {
		"fixed": {
			"rotation": [-90, 0, 0],
			"translation": [0, 19.25, -16],
			"scale": [2, 2, 2]
		}
	}
}